<?xml version="1.0" encoding="utf-8"?>
<ModMetaData>
	<name>The Dead Man's Switch - MobileDragoon</name>
  	<author>AobaKuma</author>
    <supportedVersions>
		<li>1.5</li>
	</supportedVersions>
	<packageId>Aoba.DeadManSwitch.MobileDragoon</packageId>
    <modDependencies>
        <li>
			<packageId>Aoba.DeadManSwitch.Core</packageId>
			<displayName>Dead Man's Switch</displayName>
			<steamWorkshopUrl>https://steamcommunity.com/sharedfiles/filedetails/?id=1854607105</steamWorkshopUrl>
		</li>
	</modDependencies>
	<loadAfter>
    	<li>Aoba.DeadManSwitch.Core</li>
  	</loadAfter>
	<description>
		Mobile dragoon is classified as an ultra-heavy armor exoskeleton. It is another branch of the development of power armor technology in the mid-World.
    </description>
</ModMetaData>