<?xml version="1.0" encoding="UTF-8"?>
<Defs>

  <!-- 维护坞 -->
  <ThingDef ParentName="BuildingBase">
    <defName>MF_Building_MaintenanceBay</defName>
    <label>maintenance bay</label>
    <description>A place for mecha suit storage and maintenance, it has a gantry that allows you to do mecha suit loadout modification but requires at least one connected module storage shelve.</description>
    <thingClass>WalkerGear.Building_MaintenanceBay</thingClass>
    <graphicData>
      <texPath>Things/Building/MaintenanceBay_Bottom</texPath>
      <graphicClass>Graphic_Multi</graphicClass>
      <drawSize>(4,4)</drawSize>
    </graphicData>
    <uiIconPath>Things/Building/MaintenanceBay</uiIconPath>
    <terrainAffordanceNeeded>Medium</terrainAffordanceNeeded>
    <canOverlapZones>false</canOverlapZones>
    <drawerType>MapMeshAndRealTime</drawerType>
    <altitudeLayer>Building</altitudeLayer>
    <statBases>
      <WorkToBuild>3600</WorkToBuild>
      <MaxHitPoints>200</MaxHitPoints>
    </statBases>
    <costList>
      <Steel>200</Steel>
    </costList>
    <scatterableOnMapGen>false</scatterableOnMapGen>
    <useHitPoints>true</useHitPoints>
    <size>(3,3)</size>
    <pathCost>100</pathCost>
    <designationCategory>DMS_Category</designationCategory>
    <uiOrder>10</uiOrder>
    <passability>PassThroughOnly</passability>
    <hasInteractionCell>True</hasInteractionCell>
    <interactionCellOffset>(0,0,-2)</interactionCellOffset>
    <researchPrerequisites>
      <li>DMS_MobileDragoonBasis</li>
    </researchPrerequisites>
    <surfaceType>Item</surfaceType>
    <inspectorTabs>
      <li>WalkerGear.ITab_MechGear</li>
    </inspectorTabs>
    <building>
      <buildingTags>
        <li>Production</li>
      </buildingTags>
      <relatedBuildCommands>
        <li>MF_Building_ComponentStorage</li>
      </relatedBuildCommands>
    </building>
    <comps>
      <li Class="CompProperties_AffectedByFacilities">
        <linkableFacilities>
          <li>ToolCabinet</li>
          <li>MF_Building_ComponentStorage</li>
        </linkableFacilities>
      </li>
      <li Class="CompProperties_ReportWorkSpeed">
        <workSpeedStat>WorkTableWorkSpeedFactor</workSpeedStat>
      </li>
      <li Class="WalkerGear.CompProperties_BuildingExtraRenderer">
        <extraGraphic>
          <li>
            <texPath>Things/Building/MaintenanceBay_Top</texPath>
            <graphicClass>Graphic_Multi</graphicClass>
            <drawSize>(4,4)</drawSize>
            <drawOffset>(0,0.8,0)</drawOffset>
          </li>
        </extraGraphic>
      </li>
    </comps>
    <placeWorkers>
      <li>PlaceWorker_ShowFacilitiesConnections</li>
      <li>PlaceWorker_ReportWorkSpeedPenalties</li>
      <li>PlaceWorker_PreventInteractionSpotOverlap</li>
    </placeWorkers>
  </ThingDef>

  <!-- 部件櫃 -->
  <ThingDef ParentName="BuildingBase">
    <defName>MF_Building_ComponentStorage</defName>
    <label>module shelve</label>
    <description>a module storage rack, pawn can repair damaged module on it. and the maintenance bay can only select modules storaged in connected storage shelve.</description>
    <thingClass>Building_Storage</thingClass>
    <graphicData>
      <texPath>Things/Building/ModulePlatform</texPath>
      <graphicClass>Graphic_Multi</graphicClass>
      <drawSize>(4,4)</drawSize>
    </graphicData>
    <terrainAffordanceNeeded>Medium</terrainAffordanceNeeded>
    <canOverlapZones>false</canOverlapZones>
    <altitudeLayer>Building</altitudeLayer>
    <tickerType>Rare</tickerType>
    <statBases>
      <WorkToBuild>3600</WorkToBuild>
    </statBases>
    <costList>
      <Steel>100</Steel>
    </costList>
    <scatterableOnMapGen>false</scatterableOnMapGen>
    <useHitPoints>true</useHitPoints>
    <size>(3,1)</size>
    <pathCost>100</pathCost>
    <designationCategory>DMS_Category</designationCategory>
    <uiOrder>11</uiOrder>
    <passability>PassThroughOnly</passability>
    <hasInteractionCell>false</hasInteractionCell>
    <researchPrerequisites>
      <li>DMS_MobileDragoonBasis</li>
    </researchPrerequisites>
    <surfaceType>Item</surfaceType>
    <inspectorTabs>
      <li>ITab_Storage</li>
    </inspectorTabs>
    <building>
      <preventDeteriorationOnTop>true</preventDeteriorationOnTop>
      <ignoreStoredThingsBeauty>true</ignoreStoredThingsBeauty>
      <maxItemsInCell>1</maxItemsInCell>
      <fixedStorageSettings>
        <filter>
          <disallowNotEverStorable>true</disallowNotEverStorable>
          <categories>
            <li>MF_Module</li>
          </categories>
        </filter>
      </fixedStorageSettings>
      <defaultStorageSettings>
        <priority>Preferred</priority>
        <filter>
          <categories>
            <li>MF_Module</li>
          </categories>
        </filter>
      </defaultStorageSettings>
      <relatedBuildCommands>
        <li>MF_Building_MaintenanceBay</li>
      </relatedBuildCommands>
    </building>
    <comps>
      <li Class="CompProperties_Facility">
        <maxSimultaneous>8</maxSimultaneous>
      </li>
      <li>
        <compClass>WalkerGear.CompComponentStorage</compClass>
      </li>
    </comps>
    <placeWorkers>
      <li>PlaceWorker_ShowFacilitiesConnections</li>
    </placeWorkers>
  </ThingDef>

  <ThingDef ParentName="BuildingBase">
    <defName>MF_Building_Wreckage</defName>
    <label>wreckage</label>
    <thingClass>WalkerGear.Building_Wreckage</thingClass>
    <graphicData>
      <texPath>Things/Building/MechChunk</texPath>
      <graphicClass>Graphic_Multi</graphicClass>
      <drawSize>(2.5,2.5)</drawSize>
    </graphicData>
    <canOverlapZones>false</canOverlapZones>
    <altitudeLayer>Building</altitudeLayer>
    <useHitPoints>true</useHitPoints>
    <size>(2,2)</size>
    <pathCost>100</pathCost>
    <passability>PassThroughOnly</passability>
    <surfaceType>Item</surfaceType>
  </ThingDef>


  <!-- 彈射塢 -->
  <ThingDef ParentName="BuildingBase">
    <defName>MF_Building_EjectorBay</defName>
    <label>Catapult</label>
    <description>A special place for mecha suit storage and maintenance with auxiliary rocket, It can eject mecha suit with manipulator to far-away place.</description>
    <thingClass>WalkerGear.Building_EjectorBay</thingClass>
    <tickerType>Normal</tickerType>
    <graphicData>
      <texPath>Things/Building/Catapult_Bay_Bottom</texPath>
      <graphicClass>Graphic_Multi</graphicClass>
      <drawSize>(4,4)</drawSize>
    </graphicData>
    <uiIconPath>Things/Building/Catapult_Bay</uiIconPath>
    <terrainAffordanceNeeded>Medium</terrainAffordanceNeeded>
    <canOverlapZones>false</canOverlapZones>
    <drawerType>MapMeshAndRealTime</drawerType>
    <altitudeLayer>Building</altitudeLayer>
    <statBases>
      <WorkToBuild>3600</WorkToBuild>
      <MaxHitPoints>200</MaxHitPoints>
    </statBases>
    <costList>
      <Steel>200</Steel>
    </costList>
    <scatterableOnMapGen>false</scatterableOnMapGen>
    <useHitPoints>true</useHitPoints>
    <size>(3,3)</size>
    <pathCost>100</pathCost>
    <designationCategory>DMS_Category</designationCategory>
    <uiOrder>11</uiOrder>
    <containedPawnsSelectable>true</containedPawnsSelectable>
    <passability>PassThroughOnly</passability>
    <hasInteractionCell>True</hasInteractionCell>
    <interactionCellOffset>(0,0,-2)</interactionCellOffset>
    <researchPrerequisites>
      <li>DMS_MobileDragoonAdvanced</li>
    </researchPrerequisites>
    <surfaceType>Item</surfaceType>
    <comps>
      <li Class= "CompProperties_Power">
        <compClass>CompPowerTrader</compClass>
        <showPowerNeededIfOff>true</showPowerNeededIfOff>
        <shortCircuitInRain>false</shortCircuitInRain>
        <basePowerConsumption>500</basePowerConsumption>
        <transmitsPower>true</transmitsPower>
      </li>
      <li Class="WalkerGear.CompProperties_BuildingExtraRenderer">
        <extraGraphic>
          <li>
            <texPath>Things/Building/Base_Top</texPath>
            <graphicClass>Graphic_Multi</graphicClass>
            <drawSize>(4,4)</drawSize>
            <drawOffset>(0,0.8,0)</drawOffset>
          </li>
          <li>
            <texPath>Things/Building/Catapult_Top_Below</texPath>
            <graphicClass>Graphic_Multi</graphicClass>
            <drawSize>(4,4)</drawSize>
            <drawOffset>(0,1.03,1)</drawOffset>
          </li>
          <li>
            <texPath>Things/Building/Catapult_Top</texPath>
            <graphicClass>Graphic_Multi</graphicClass>
            <drawSize>(4,4)</drawSize>
            <drawOffset>(0,1.035,1)</drawOffset>
          </li>
        </extraGraphic>
      </li>
    </comps>
    <placeWorkers>
      <li>PlaceWorker_PreventInteractionSpotOverlap</li>
    </placeWorkers>
  </ThingDef>

  <!-- 進入彈射 -->

  <JobDef>
    <defName>WG_GetInEjector</defName>
    <driverClass>WalkerGear.JobDriver_GetInEjector</driverClass>
    <reportString>entering jector</reportString>
    <allowOpportunisticPrefix>false</allowOpportunisticPrefix>
  </JobDef>

  <!-- Flyer -->

  <ThingDef ParentName="PawnFlyerBase">
    <defName>DMS_PawnFlyer</defName>
    <thingClass>WalkerGear.DMS_PawnFlyer</thingClass>
    <pawnFlyer>
      <flightDurationMin>0.01</flightDurationMin>
      <flightSpeed>20</flightSpeed>
    </pawnFlyer>
  </ThingDef>
</Defs>