<?xml version="1.0" encoding="UTF-8"?>
<Defs>
  <ThingDef Name="ModuleItemBase" Abstract="True">
    <thingClass>ThingWithComps</thingClass>
    <category>Item</category>
    <drawerType>MapMeshOnly</drawerType>
    <resourceReadoutPriority>Middle</resourceReadoutPriority>
    <useHitPoints>true</useHitPoints>
    <selectable>true</selectable>
    <altitudeLayer>Item</altitudeLayer>
    <soundInteract>Metal_Drop</soundInteract>
    <soundDrop>Standard_Drop</soundDrop>
    <stackLimit>1</stackLimit>
    <healthAffectsPrice>true</healthAffectsPrice>
    <intricate>true</intricate>
    <alwaysHaulable>true</alwaysHaulable>
    <drawGUIOverlay>true</drawGUIOverlay>
    <rotatable>false</rotatable>
    <pathCost>14</pathCost>
    <allowedArchonexusCount>-1</allowedArchonexusCount>
    <techLevel>Industrial</techLevel>
    <possessionCount>2</possessionCount>
    <generateCommonality>0</generateCommonality>
    <thingCategories>
      <li>MF_Module</li>
    </thingCategories>
    <graphicData>
      <graphicClass>Graphic_Single</graphicClass>
      <drawSize>1.50</drawSize>
    </graphicData>
    <statBases>
      <MaxHitPoints>100</MaxHitPoints>
      <Flammability>0.0</Flammability>
      <Beauty>-3</Beauty>
    </statBases>
    <tickerType>Never</tickerType>
    <burnableByRecipe>false</burnableByRecipe>
    <smeltable>false</smeltable>
    <comps>
      <li Class="CompProperties_Forbiddable" />
      <li Class="CompProperties_Styleable" />
      <li>
        <compClass>CompColorable</compClass>
      </li>
      <li>
        <compClass>CompQuality</compClass>
      </li>
    </comps>
  </ThingDef>

  <ThingDef Name="ModuleApparelBase" Abstract="True">
    <thingClass>Apparel</thingClass>
    <category>Item</category>
    <destroyOnDrop>true</destroyOnDrop>
    <tradeability>None</tradeability>
    <generateCommonality>0</generateCommonality>
    <generateAllowChance>0</generateAllowChance>
    <drawerType>MapMeshOnly</drawerType>
    <selectable>True</selectable>
    <pathCost>14</pathCost>
    <useHitPoints>false</useHitPoints>
    <techLevel>Industrial</techLevel>
    <graphicData>
        <graphicClass>Graphic_Single</graphicClass>
        <drawSize>1.00</drawSize>
    </graphicData>
    <drawGUIOverlay>true</drawGUIOverlay>
    <statBases>
        <MaxHitPoints>100</MaxHitPoints>
        <Flammability>0.0</Flammability>
        <Mass>10</Mass>
    </statBases>
    <altitudeLayer>Item</altitudeLayer>
    <alwaysHaulable>True</alwaysHaulable>
    <tickerType>Never</tickerType>
    <burnableByRecipe>false</burnableByRecipe>
    <smeltable>false</smeltable>
    <thingCategories Inherit="false"/>
    <thingSetMakerTags Inherit="false"/>
    <tradeTags />
    <comps>
        <li Class="CompProperties_Forbiddable"/>
        <li>
            <compClass>CompColorable</compClass>
        </li>
        <li>
            <compClass>CompQuality</compClass>
        </li>
    </comps>
</ThingDef>
</Defs>