<?xml version="1.0" encoding="UTF-8"?>
<Defs>
  <ThingDef ParentName="DMS_ModuleApparelBase">
    <defName>Apparel_Dummy</defName>
    <label>whatisthis</label>
    <description>Todo.</description>
    <graphicData>
        <texPath>Things/Dragoon/PV8/apparel_south</texPath>
    </graphicData>
    <statBases>
      <Mass>0</Mass>
    </statBases>
    <useHitPoints>false</useHitPoints>
    <apparel>
        <bodyPartGroups>
            <li>FullHead</li>
        </bodyPartGroups>
        <wornGraphicPath>Things/Dragoon/PV8/apparel</wornGraphicPath>
        <layers>
            <li>Overhead</li>
        </layers>
        <renderSkipFlags>
          <li>Head</li>
          <li>Body</li>
        </renderSkipFlags>
    </apparel>
</ThingDef>
</Defs>