﻿<?xml version="1.0" encoding="utf-8"?>
<Defs>
  <!-- (右)打樁機 -->
  <ThingDef ParentName="DMS_ModuleItemArmRight">
    <defName>DMS_Module_PileBunker</defName>
    <label>pile bunker</label>
    <description>todo</description>
    <!-- <description>一種安裝於龍騎兵機體上的工程模塊，由於其工作效率極高因此也經常被用來拆除建築時使用，讓那些訓練機能在一定程度上能做點別的事情。</description> -->
    <descriptionHyperlinks>
      <ThingDef>DMS_Apparel_PileBunker</ThingDef>
    </descriptionHyperlinks>
    <statBases>
      <Mass>20</Mass>
    </statBases>
    <recipeMaker>
      <researchPrerequisite>DMS_MobileDragoonBasis</researchPrerequisite>
    </recipeMaker>
    <costList>
      <Steel>100</Steel>
      <ComponentIndustrial>2</ComponentIndustrial>
    </costList>
    <comps>
      <li Class="WalkerGear.CompProperties_WalkerComponent">
        <EquipedThingDef>DMS_Apparel_PileBunker</EquipedThingDef>
        <slot>ArmRight</slot>
      </li>
    </comps>
  </ThingDef>
  <ThingDef ParentName="DMS_ModuleApparelArmRight">
    <tickerType>Normal</tickerType>
    <defName>DMS_Apparel_PileBunker</defName>
    <label>pile bunker</label>
    <description>Todo.</description>
    <graphicData>
      <texPath>Things/Dragoon/PileBunker/apparel_south</texPath>
    </graphicData>
    <statBases>
      <Mass>20</Mass>
    </statBases>
    <equippedStatOffsets>
      <MoveSpeed>-0.1</MoveSpeed>
    </equippedStatOffsets>
    <apparel>
      <wornGraphicPath>Things/Dragoon/PileBunker/apparel</wornGraphicPath>
      <drawData>
        <scale>1.5</scale>
        <defaultData>
          <layer>0</layer>
        </defaultData>
        <dataSouth>
          <offset>(-0.85,0,0.10)</offset>
        </dataSouth>
        <dataNorth>
          <offset>(0.75,0,0.0)</offset>
          <layer>72</layer>
        </dataNorth>
        <dataWest>
          <offset>(-0.40,0,0.7)</offset>
        </dataWest>
        <dataEast>
          <offset>(-0.05,0,-0.4)</offset>
          <layer>10</layer>
        </dataEast>
      </drawData>
    </apparel>
    <comps>
      <li Class="WalkerGear.CompProperties_WalkerComponent">
        <ItemDef>DMS_Module_PileBunker</ItemDef>
        <slot>ArmRight</slot>
      </li>
    </comps>
		<tools>
			<li>
				<label>tungsteel pile</label>
				<capacities>
					<li>Poke</li>
				</capacities>
				<power>100</power>
        <armorPenetration>2.0</armorPenetration>
        <alwaysTreatAsWeapon>true</alwaysTreatAsWeapon>
        <chanceFactor>1.8</chanceFactor>
				<cooldownTime>4.5</cooldownTime>
			</li>
			<li>
				<label>mechanical tool</label>
				<capacities>
					<li>Blunt</li>
				</capacities>
				<power>18</power>
        <armorPenetration>0.5</armorPenetration>
				<cooldownTime>1</cooldownTime>
			</li>
		</tools>
  </ThingDef>

  <!-- (右)lmg-->
  <ThingDef ParentName="DMS_ModuleItemArmRight">
    <defName>DMS_Module_WeaponLmg</defName>
    <label>Dragoon LMG</label>
    <description>A light machine gun relative to the size of a Dragoon, but for humans it is basically a deadly large-caliber autocannon, using a heavy drum to provide sufficient firepower continuity and suppression capabilities.</description>
    <descriptionHyperlinks>
      <ThingDef>DMS_Dragoon_LMG</ThingDef>
    </descriptionHyperlinks>
    <statBases>
      <MaxHitPoints>100</MaxHitPoints>
      <Mass>30.50</Mass>
    </statBases>
    <recipeMaker>
      <researchPrerequisites>
        <li>DMS_MobileDragoon</li>
        <li>DMS_EquipmentHeavy</li>
      </researchPrerequisites>
    </recipeMaker>
    <costList>
      <Steel>100</Steel>
      <ComponentIndustrial>2</ComponentIndustrial>
    </costList>
    <comps>
      <li Class="WalkerGear.CompProperties_WalkerComponent">
        <EquipedThingDef>DMS_Apparel_WeaponLmg</EquipedThingDef>
        <slot>ArmRight</slot>
      </li>
    </comps>
  </ThingDef>
  <ThingDef ParentName="DMS_ModuleApparelArmRight">
    <defName>DMS_Apparel_WeaponLmg</defName>
    <label>Dragoon LMG</label>
    <description>A light machine gun relative to the size of a Dragoon, but for humans it is basically a deadly large-caliber autocannon, using a heavy drum to provide sufficient firepower continuity and suppression capabilities.</description>
    <descriptionHyperlinks>
      <ThingDef>DMS_Dragoon_LMG</ThingDef>
    </descriptionHyperlinks>
    <graphicData>
      <texPath>Things/Weapons/DMS_Dragoon_LMG</texPath>
    </graphicData>
    <statBases>
      <Mass>30.50</Mass>
    </statBases>
    <comps>
      <li Class="WalkerGear.CompProperties_WalkerComponent">
        <ItemDef>DMS_Module_WeaponLmg</ItemDef>
        <slot>ArmRight</slot>
      </li>
      <li Class="WalkerGear.CompProperties_ForceUseWeapon">
        <weapon>DMS_Dragoon_LMG</weapon>
      </li>
    </comps>
  </ThingDef>

  <!-- (右)霰彈槍-->
  <ThingDef ParentName="DMS_ModuleItemArmRight">
    <defName>DMS_Module_WeaponSG</defName>
    <label>Dragoon Shotgun</label>
    <description>A heavy-duty semi-automatic shotgun code-named "Dragon", this equipment was designed to provide dragoons with decent firepower in close range without taking up too much weight. it's capable of firing a white phosphorous canister called Dragonbreath to incinerate the enemy.</description>
    <descriptionHyperlinks>
      <ThingDef>DMS_Dragoon_Shotgun</ThingDef>
    </descriptionHyperlinks>
    <statBases>
      <MaxHitPoints>100</MaxHitPoints>
      <Mass>24</Mass>
    </statBases>
    <recipeMaker>
      <researchPrerequisites>
        <li>DMS_MobileDragoon</li>
        <li>DMS_EquipmentHeavy</li>
      </researchPrerequisites>
    </recipeMaker>
    <costList>
      <Steel>100</Steel>
      <ComponentIndustrial>2</ComponentIndustrial>
    </costList>
    <comps>
      <li Class="WalkerGear.CompProperties_WalkerComponent">
        <EquipedThingDef>DMS_Apparel_WeaponSG</EquipedThingDef>
        <slot>ArmRight</slot>
      </li>
    </comps>
  </ThingDef>
  <ThingDef ParentName="DMS_ModuleApparelArmRight">
    <defName>DMS_Apparel_WeaponSG</defName>
    <label>Dragoon Shotgun</label>
    <description>A heavy-duty semi-automatic shotgun code-named "Dragon", this equipment was designed to provide dragoons with decent firepower in close range without taking up too much weight. it's capable of firing a white phosphorous canister called Dragonbreath to incinerate the enemy.</description> 
    <descriptionHyperlinks>
      <ThingDef>DMS_Dragoon_Shotgun</ThingDef>
    </descriptionHyperlinks>
    <graphicData>
      <texPath>Things/Weapons/DMS_Dragoon_Shotgun</texPath>
    </graphicData>
    <statBases>
      <Mass>24</Mass>
    </statBases>
    <comps>
      <li Class="WalkerGear.CompProperties_WalkerComponent">
        <ItemDef>DMS_Module_WeaponSG</ItemDef>
        <slot>ArmRight</slot>
      </li>
      <li Class="WalkerGear.CompProperties_ForceUseWeapon">
        <weapon>DMS_Dragoon_Shotgun</weapon>
      </li>
    </comps>
  </ThingDef>
  
</Defs>