﻿<?xml version="1.0" encoding="utf-8"?>
<Defs>
  <!-- (左)手脈衝盾 -->
  <ThingDef ParentName="DMS_ModuleItemArmLeft">
    <defName>DMS_Module_PulseShield</defName>
    <label>pulse shield</label>
    <description>todo.</description>
    <descriptionHyperlinks>
      <ThingDef>DMS_Apparel_PulseShield</ThingDef>
    </descriptionHyperlinks>
    <statBases>
      <Mass>8</Mass>
    </statBases>
    <recipeMaker>
      <researchPrerequisite>DMS_MobileDragoonModule</researchPrerequisite>
    </recipeMaker>
    <costList>
      <Steel>100</Steel>
      <ComponentIndustrial>2</ComponentIndustrial>
      <BroadshieldCore MayRequire="ludeon.rimworld.royalty">1</BroadshieldCore>
    </costList>
    <comps>
      <li Class="WalkerGear.CompProperties_WalkerComponent">
        <EquipedThingDef>DMS_Apparel_PulseShield</EquipedThingDef>
        <slot>ArmLeft</slot>
      </li>
    </comps>
  </ThingDef>
  <ThingDef ParentName="DMS_ModuleApparelArmLeft">
    <tickerType>Normal</tickerType>
    <defName>DMS_Apparel_PulseShield</defName>
    <label>pulse shield</label>
    <description>Todo.</description>
    <graphicData>
      <texPath>Things/Dragoon/PulseShield/apparel_south</texPath>
    </graphicData>
    <statBases>
      <Mass>0</Mass>
      <EnergyShieldRechargeRate>0.75</EnergyShieldRechargeRate>
    </statBases>
    <equippedStatOffsets>
      <EnergyShieldEnergyMax>50</EnergyShieldEnergyMax>
      <MoveSpeed>-0.12</MoveSpeed>
    </equippedStatOffsets>
    <apparel>
      <wornGraphicPath>Things/Dragoon/PulseShield/apparel</wornGraphicPath>
      <drawData>
        <scale>0.75</scale>
        <defaultData>
          <layer>20</layer>
        </defaultData>
        <dataSouth>
          <offset>(0.75,0,-0.10)</offset>
        </dataSouth>
        <dataNorth>
          <offset>(-0.50,0,0.15)</offset>
          <layer>0</layer>
        </dataNorth>
        <dataWest>
          <offset>(-0.15,0,-0.10)</offset>
          <layer>64</layer>
        </dataWest>
        <dataEast>
          <offset>(-0.80,0,0.8)</offset>
          <layer>0</layer>
        </dataEast>
      </drawData>
    </apparel>
    <comps>
      <li Class="WalkerGear.CompProperties_WalkerComponent">
        <ItemDef>DMS_Module_PulseShield</ItemDef>
        <slot>ArmLeft</slot>
      </li>
      <li Class="CompProperties_Shield">
        <blocksRangedWeapons>false</blocksRangedWeapons>
        <maxDrawSize>5</maxDrawSize>
        <minDrawSize>3</minDrawSize>
        <energyOnReset>50</energyOnReset>
        <startingTicksToReset>1200</startingTicksToReset>
      </li>
    </comps>
  </ThingDef>
  
  <!-- (左)防彈盾 -->
  <ThingDef ParentName="DMS_ModuleItemArmLeft">
    <defName>DMS_Module_Shield</defName>
    <label>ballistic shield</label>
    <description>todo.</description>
    <!-- <description>一面安裝在龍騎兵框架上的複合裝甲防彈盾牌，雖然有些沉重但能夠有效的抵擋大口徑破片與反器材步槍彈對於本體的傷害。</description> -->
    <descriptionHyperlinks>
      <ThingDef>DMS_Apparel_Shield</ThingDef>
    </descriptionHyperlinks>
    <statBases>
      <MaxHitPoints>300</MaxHitPoints>
      <Mass>8</Mass>
    </statBases>
    <recipeMaker>
      <researchPrerequisite>DMS_MobileDragoonBasis</researchPrerequisite>
    </recipeMaker>
    <costList>
      <Steel>100</Steel>
      <ComponentIndustrial>2</ComponentIndustrial>
    </costList>
    <comps>
      <li Class="WalkerGear.CompProperties_WalkerComponent">
        <EquipedThingDef>DMS_Apparel_Shield</EquipedThingDef>
        <slot>ArmLeft</slot>
      </li>
    </comps>
  </ThingDef>
  <ThingDef ParentName="DMS_ModuleApparelArmLeft">
    <defName>DMS_Apparel_Shield</defName>
    <label>solid shield</label>
    <description>Todo.</description>
    <graphicData>
      <texPath>Things/Dragoon/SolidShield/apparel_south</texPath>
    </graphicData>
    <tickerType>Normal</tickerType>
    <statBases>
      <MaxHitPoints>300</MaxHitPoints>
      <Mass>0</Mass>
    </statBases>
    <equippedStatOffsets>
      <MoveSpeed>-0.12</MoveSpeed>
    </equippedStatOffsets>
    <apparel>
      <wornGraphicPath>Things/Dragoon/SolidShield/apparel</wornGraphicPath>
      <drawData>
        <scale>1.3</scale>
        <defaultData>
          <layer>20</layer>
        </defaultData>
        <dataSouth>
          <offset>(0.75,0,0.2)</offset>
        </dataSouth>
        <dataNorth>
          <offset>(-0.50,0,0.3)</offset>
          <layer>0</layer>
        </dataNorth>
        <dataWest>
          <offset>(-0.3,0,-0.20)</offset>
          <layer>64</layer>
        </dataWest>
        <dataEast>
          <offset>(0.80,0,0.8)</offset>
          <layer>0</layer>
        </dataEast>
      </drawData>
    </apparel>
    <comps>
      <li Class="WalkerGear.CompProperties_WalkerComponent">
        <ItemDef>DMS_Module_Shield</ItemDef>
        <slot>ArmLeft</slot>
      </li>
    </comps>
  </ThingDef>

  <!-- (左)紅外傳感器 -->
  <ThingDef ParentName="DMS_ModuleItemArmLeft">
    <defName>DMS_Module_InfraredSensor</defName>
    <label>infrared sensor</label>
    <description>todo.</description>
    <!-- <description>一種安裝於龍騎兵機體上的外置紅外線探照燈與火控雷達模塊，具備一定程度上的夜視與彈道測距能力。</description> -->
    <descriptionHyperlinks>
      <ThingDef>DMS_Apparel_InfraredSensor</ThingDef>
    </descriptionHyperlinks>
    <statBases>
      <Mass>8</Mass>
    </statBases>
    <recipeMaker>
      <researchPrerequisite>DMS_MobileDragoonBasis</researchPrerequisite>
    </recipeMaker>
    <costList>
      <Steel>100</Steel>
      <ComponentIndustrial>2</ComponentIndustrial>
      <ComponentSpacer>1</ComponentSpacer>
    </costList>
    <comps>
      <li Class="WalkerGear.CompProperties_WalkerComponent">
        <EquipedThingDef>DMS_Apparel_InfraredSensor</EquipedThingDef>
        <slot>ArmLeft</slot>
      </li>
    </comps>
  </ThingDef>
  <ThingDef ParentName="DMS_ModuleApparelArmLeft">
    <tickerType>Normal</tickerType>
    <defName>DMS_Apparel_InfraredSensor</defName>
    <label>infrared sensor</label>
    <description>Todo.</description>
    <graphicData>
      <texPath>Things/Dragoon/InfraredSensor/apparel_south</texPath>
    </graphicData>
    <statBases>
      <Mass>8</Mass>
    </statBases>
    <equippedStatOffsets>
      <ShootingAccuracyPawn>2</ShootingAccuracyPawn>
      <MoveSpeed>-0.05</MoveSpeed>
    </equippedStatOffsets>
    <apparel>
      <wornGraphicPath>Things/Dragoon/InfraredSensor/apparel</wornGraphicPath>
      <drawData>
        <scale>0.8</scale>
        <defaultData>
          <layer>20</layer>
        </defaultData>
        <dataSouth>
          <offset>(0.75,0,0.20)</offset>
        </dataSouth>
        <dataNorth>
          <offset>(-0.75,0,0.30)</offset>
          <layer>0</layer>
        </dataNorth>
        <dataWest>
          <offset>(0.10,0,0.15)</offset>
          <layer>64</layer>
        </dataWest>
        <dataEast>
          <offset>(-0.80,0,0.8)</offset>
          <layer>0</layer>
        </dataEast>
      </drawData>
    </apparel>
    <comps>
      <li Class="WalkerGear.CompProperties_WalkerComponent">
        <ItemDef>DMS_Module_InfraredSensor</ItemDef>
        <slot>ArmLeft</slot>
      </li>
    </comps>
  </ThingDef>

   <!-- (左)彈掛 -->
   <ThingDef ParentName="DMS_ModuleItemArmLeft">
    <defName>DMS_Module_CargoBox</defName>
    <label>cargo box</label>
    <description>todo.</description>
    <descriptionHyperlinks>
      <ThingDef>DMS_Apparel_CargoBox</ThingDef>
    </descriptionHyperlinks>
    <statBases>
      <Mass>8</Mass>
    </statBases>
    <recipeMaker>
      <researchPrerequisite>DMS_MobileDragoonBasis</researchPrerequisite>
    </recipeMaker>
    <costList>
      <Steel>100</Steel>
      <ComponentIndustrial>2</ComponentIndustrial>
      <ComponentSpacer>1</ComponentSpacer>
    </costList>
    <comps>
      <li Class="WalkerGear.CompProperties_WalkerComponent">
        <EquipedThingDef>DMS_Apparel_CargoBox</EquipedThingDef>
        <slot>ArmLeft</slot>
      </li>
    </comps>
  </ThingDef>
  <ThingDef ParentName="DMS_ModuleApparelArmLeft">
    <tickerType>Normal</tickerType>
    <defName>DMS_Apparel_CargoBox</defName>
    <label>cargo box</label>
    <description>Todo.</description>
    <graphicData>
      <texPath>Things/Dragoon/CargoBox/apparel_south</texPath>
    </graphicData>
    <statBases>
      <Mass>8</Mass>
    </statBases>
    <equippedStatOffsets>
      <MoveSpeed>-0.05</MoveSpeed>
      <RangedCooldownFactor>0.85</RangedCooldownFactor>
    </equippedStatOffsets>
    <apparel>
      <wornGraphicPath>Things/Dragoon/CargoBox/apparel</wornGraphicPath>
      <drawData>
        <scale>0.8</scale>
        <defaultData>
          <layer>20</layer>
        </defaultData>
        <dataSouth>
          <offset>(0.65,0,0.05)</offset>
        </dataSouth>
        <dataNorth>
          <offset>(-0.60,0,0.15)</offset>
          <layer>0</layer>
        </dataNorth>
        <dataWest>
          <offset>(0.0,0,-0.1)</offset>
          <layer>64</layer>
        </dataWest>
        <dataEast>
          <offset>(0.4,0,0.35)</offset>
          <layer>0</layer>
        </dataEast>
      </drawData>
    </apparel>
    <comps>
      <li Class="WalkerGear.CompProperties_WalkerComponent">
        <ItemDef>DMS_Module_CargoBox</ItemDef>
        <slot>ArmLeft</slot>
      </li>
    </comps>
  </ThingDef>
</Defs>