﻿<?xml version="1.0" encoding="utf-8"?>
<Defs>
  <!-- F/A-47核心 -->
  <ThingDef ParentName="DMS_ModuleItemCore">
    <defName>DMS_Module_FA47_Core</defName>
    <label>F/A-47 frame</label>
    <!-- 由殖民艦隊軌道軍使用的龍騎兵系統，作為一種具備外太空戰鬥能力的龍騎兵使用，使用塑鋼打造的全封閉外殼也使其能夠在星球地表上搭載推進系統進行短距離的亞軌道飛行。 -->
    <description>A Dragoon with outer space combat capabilities, used by the Colonial Fleet Orbital Cavalry. Its fully enclosed shell is made of plasteel. can carry a propulsion system capable of short-distance suborbital flights on the planet's surface.</description>
    <descriptionHyperlinks>
      <ThingDef>DMS_Apparel_FA47_Core</ThingDef>
    </descriptionHyperlinks>
    <statBases>
      <MaxHitPoints>100</MaxHitPoints>
      <Mass>80</Mass>
    </statBases>
    <comps>
      <li Class="WalkerGear.CompProperties_WalkerComponent">
        <EquipedThingDef>DMS_Apparel_FA47_Core</EquipedThingDef>
        <slot>Core</slot>
      </li>
    </comps>
    <recipeMaker>
      <researchPrerequisite>DMS_MobileDragoonAdvanced</researchPrerequisite>
      <skillRequirements>
        <Crafting>12</Crafting>
      </skillRequirements>
    </recipeMaker>
    <costList>
      <Plasteel>300</Plasteel>
      <Artifuscle>140</Artifuscle>
      <Tungsteel>125</Tungsteel>
      <ComponentStamped>12</ComponentStamped>
      <ComponentIndustrial>10</ComponentIndustrial>
      <Neurocomputer>1</Neurocomputer>
    </costList>
  </ThingDef>
    <!-- F/A-47，能增加額外的跳躍距離 -->
  <ThingDef ParentName="DMS_ModuleApparelCore">
    <defName>DMS_Apparel_FA47_Core</defName>
    <label>F/A-47 frame</label>
    <description>A Dragoon with outer space combat capabilities, used by the Colonial Fleet Orbital Cavalry. Its fully enclosed shell is made of plasteel. can carry a propulsion system capable of short-distance suborbital flights on the planet's surface.</description>
    <graphicData>
      <texPath>Things/Dragoon/PV8/apparel_south</texPath>
    </graphicData>
    <statBases>
      <Mass>80</Mass>
      <ArmorRating_Sharp>0.40</ArmorRating_Sharp>
      <ArmorRating_Blunt>0.20</ArmorRating_Blunt>
      <ArmorRating_Heat>0.80</ArmorRating_Heat>
      <JumpRange MayRequire="ludeon.rimworld.royalty">9.9</JumpRange>
      <MoveSpeed>7</MoveSpeed>
			<CarryingCapacity>480</CarryingCapacity>
			<Insulation_Cold>104</Insulation_Cold>
			<Insulation_Heat>128</Insulation_Heat>
    </statBases>
    <equippedStatOffsets>
			<WorkSpeedGlobal>-0.25</WorkSpeedGlobal>
    </equippedStatOffsets>
    <apparel>
      <wornGraphicPath>Things/Dragoon/FA47/apparel</wornGraphicPath>
      <drawData>
        <scale>2.25</scale>
        <dataNorth>
          <layer>70</layer>
        </dataNorth>
      </drawData>
    </apparel>
    <comps>
      <li Class="WalkerGear.CompProperties_WalkerComponent">
        <ItemDef>DMS_Module_FA47_Core</ItemDef>
        <slot>Core</slot>
      </li>
    </comps>
    <modExtensions>
      <li Class="WalkerGear.BuildingWreckageExtension">
        <building>MF_Building_Wreckage</building>
      </li>
      <li Class="WalkerGear.ApparelRenderOffsets">
        <headData>
          <dataWest>
            <offset>(-0.29,0,0.44)</offset>
          </dataWest>
          <dataEast>
            <offset>(0.29,0,0.44)</offset>
          </dataEast>
          <dataSouth>
            <offset>(0.00,0,0.40)</offset>
          </dataSouth>
          <dataNorth>
            <offset>(0.00,0,0.40)</offset>
          </dataNorth>
        </headData>
        <rootData>
          <defaultData>
            <offset>(0,0,0.35)</offset>
          </defaultData>
        </rootData>
      </li>
    </modExtensions>
  </ThingDef>
  <!-- F/A-47頭盔 -->
  <ThingDef ParentName="DMS_ModuleItemHead">
    <defName>DMS_Module_FA47_Helmet</defName>
    <label>F/A-47 helmet</label>
    <description>todo.</description>
    <descriptionHyperlinks>
      <ThingDef>DMS_Apparel_FA47_Helmet</ThingDef>
    </descriptionHyperlinks>
    <statBases>
      <MaxHitPoints>100</MaxHitPoints>
      <Mass>8</Mass>
    </statBases>
    <comps>
      <li Class="WalkerGear.CompProperties_WalkerComponent">
        <EquipedThingDef>DMS_Apparel_FA47_Helmet</EquipedThingDef>
        <slot>Head</slot>
      </li>
    </comps>
    <recipeMaker>
      <researchPrerequisite>DMS_MobileDragoonAdvanced</researchPrerequisite>
      <skillRequirements>
        <Crafting>12</Crafting>
      </skillRequirements>
    </recipeMaker>
    <costList>
      <Plasteel>75</Plasteel>
      <ComponentSpacer>2</ComponentSpacer>
      <ComponentStamped>3</ComponentStamped>
    </costList>
  </ThingDef>
  <ThingDef ParentName="DMS_ModuleApparelHead">
    <defName>DMS_Apparel_FA47_Helmet</defName>
    <label>F/A-47 helmet</label>
    <description>Todo.</description>
    <graphicData>
      <texPath>Things/Dragoon/FA47/helmet_south</texPath>
    </graphicData>
    <statBases>
      <Mass>0</Mass>
    </statBases>
    <equippedStatOffsets>
      <MoveSpeed>-0.12</MoveSpeed>
    </equippedStatOffsets>
    <apparel>
      <wornGraphicPath>Things/Dragoon/FA47/helmet</wornGraphicPath>
      <drawData>
        <defaultData>
          <layer>20</layer>
          <offset>(0,0,0.0)</offset>
        </defaultData>
      </drawData>
    </apparel>
    <comps>
      <li Class="WalkerGear.CompProperties_WalkerComponent">
        <ItemDef>DMS_Module_FA47_Helmet</ItemDef>
        <slot>Head</slot>
      </li>
    </comps>
  </ThingDef>
</Defs>