﻿<?xml version="1.0" encoding="utf-8"?>
<Defs>
  <!-- PV-8核心 -->
  <ThingDef ParentName="DMS_ModuleItemCore">
    <defName>DMS_Module_PV8_Core</defName>
    <label>PV-8 frame</label>
    <description>todo.</description>
    <descriptionHyperlinks>
      <ThingDef>DMS_Apparel_PV8_Core</ThingDef>
    </descriptionHyperlinks>
    <statBases>
      <MaxHitPoints>100</MaxHitPoints>
      <Mass>80</Mass>
    </statBases>
    <comps>
      <li Class="WalkerGear.CompProperties_WalkerComponent">
        <EquipedThingDef>DMS_Apparel_PV8_Core</EquipedThingDef>
        <slot>Core</slot>
      </li>
    </comps>
    <recipeMaker>
      <researchPrerequisite>DMS_MobileDragoon</researchPrerequisite>
      <skillRequirements>
        <Crafting>8</Crafting>
      </skillRequirements>
    </recipeMaker>
    <costList>
      <Tungsteel>375</Tungsteel>
      <Artifuscle>200</Artifuscle>
      <Steel>125</Steel>
      <ComponentStamped>12</ComponentStamped>
      <ComponentIndustrial>10</ComponentIndustrial>
      <Neurocomputer>1</Neurocomputer>
    </costList>
  </ThingDef>
  <ThingDef ParentName="DMS_ModuleApparelCore">
    <defName>DMS_Apparel_PV8_Core</defName>
    <label>PV-8 frame</label>
    <description>Todo.</description>
    <graphicData>
      <texPath>Things/Dragoon/PV8/apparel_south</texPath>
    </graphicData>
    <statBases>
      <Mass>80</Mass>
			<CarryingCapacity>575</CarryingCapacity>
      <MoveSpeed>6.2</MoveSpeed>
      <ArmorRating_Sharp>0.80</ArmorRating_Sharp>
      <ArmorRating_Blunt>0.40</ArmorRating_Blunt>
      <ArmorRating_Heat>0.10</ArmorRating_Heat>
			<Insulation_Cold>48</Insulation_Cold>
			<Insulation_Heat>64</Insulation_Heat>
    </statBases>
    <equippedStatOffsets>
			<WorkSpeedGlobal>-0.5</WorkSpeedGlobal>
    </equippedStatOffsets>
    <apparel>
      <wornGraphicPath>Things/Dragoon/PV8/apparel</wornGraphicPath>
      <drawData>
        <scale>1.5</scale>
        <dataNorth>
          <layer>70</layer>
        </dataNorth>
      </drawData>
    </apparel>
    <comps>
      <li Class="WalkerGear.CompProperties_WalkerComponent">
        <ItemDef>DMS_Module_PV8_Core</ItemDef>
        <slot>Core</slot>
      </li>
    </comps>
    <modExtensions>
      <li Class="WalkerGear.BuildingWreckageExtension">
        <building>MF_Building_Wreckage</building>
      </li>
      <li Class="WalkerGear.ApparelRenderOffsets">
        <headData>
          <dataWest>
            <offset>(-0.29,0,0.44)</offset>
          </dataWest>
          <dataEast>
            <offset>(0.29,0,0.44)</offset>
          </dataEast>
          <dataSouth>
            <offset>(0.00,0,0.40)</offset>
          </dataSouth>
          <dataNorth>
            <offset>(0.00,0,0.40)</offset>
          </dataNorth>
        </headData>
        <rootData>
          <defaultData>
            <offset>(0,0,0.35)</offset>
          </defaultData>
        </rootData>
      </li>
    </modExtensions>
  </ThingDef>
  <!-- PV-8頭盔 -->
  <ThingDef ParentName="DMS_ModuleItemHead">
    <defName>DMS_Module_PV8_Helmet</defName>
    <label>PV-8 helmet</label>
    <description>todo.</description>
    <descriptionHyperlinks>
      <ThingDef>DMS_Apparel_PV8_Helmet</ThingDef>
    </descriptionHyperlinks>
    <statBases>
      <MaxHitPoints>100</MaxHitPoints>
      <Mass>35</Mass>
    </statBases>
    <comps>
      <li Class="WalkerGear.CompProperties_WalkerComponent">
        <EquipedThingDef>DMS_Apparel_PV8_Helmet</EquipedThingDef>
        <slot>Head</slot>
      </li>
    </comps>    
    <recipeMaker>
      <researchPrerequisite>DMS_MobileDragoon</researchPrerequisite>
      <skillRequirements>
        <Crafting>8</Crafting>
      </skillRequirements>
    </recipeMaker>
    <costList>
      <Tungsteel>50</Tungsteel>
      <Steel>40</Steel>
      <ComponentIndustrial>2</ComponentIndustrial>
      <ComponentStamped>4</ComponentStamped>
    </costList>
  </ThingDef>
  <ThingDef ParentName="DMS_ModuleApparelHead">
    <defName>DMS_Apparel_PV8_Helmet</defName>
    <label>PV-8 helmet</label>
    <description>Todo.</description>
    <graphicData>
      <texPath>Things/Dragoon/PV8/helmet_south</texPath>
    </graphicData>
    <statBases>
      <Mass>35</Mass>
    </statBases>
    <equippedStatOffsets>
      <MoveSpeed>-0.12</MoveSpeed>
    </equippedStatOffsets>
    <apparel>
      <wornGraphicPath>Things/Dragoon/PV8/helmet</wornGraphicPath>
      <drawData>
        <defaultData>
          <layer>20</layer>
          <offset>(0,0,0.0)</offset>
        </defaultData>
      </drawData>
    </apparel>
    <comps>
      <li Class="WalkerGear.CompProperties_WalkerComponent">
        <ItemDef>DMS_Module_PV8_Helmet</ItemDef>
        <slot>Head</slot>
      </li>
    </comps>
  </ThingDef>
</Defs>