<?xml version="1.0" encoding="UTF-8"?>
<Defs>
  <WalkerGear.SlotDef Name="BaseSlot" Abstract="true">
    <description>...</description>
    <supportedSlots>
    </supportedSlots>
  </WalkerGear.SlotDef>

  <WalkerGear.SlotDef>
    <defName>Core</defName>
    <label>Core</label>
    <description>...</description>
    <supportedSlots>
      <li>Head</li>
      <li>Attachment</li>
      <li>ArmLeft</li>
      <li>ArmRight</li>
      <li>MountLeft</li>
      <li>MountRight</li>
    </supportedSlots>
    <uiPriority>0</uiPriority>
    <isCoreFrame>true</isCoreFrame>
  </WalkerGear.SlotDef>

  <WalkerGear.SlotDef ParentName="BaseSlot">
    <defName>MountRight</defName>
    <label>Right Mount</label>
    <uiPriority>1</uiPriority>
  </WalkerGear.SlotDef>

  <WalkerGear.SlotDef ParentName="BaseSlot">
    <defName>Head</defName>
    <label>Head</label>
    <uiPriority>2</uiPriority>
  </WalkerGear.SlotDef>

  <WalkerGear.SlotDef ParentName="BaseSlot">
    <defName>ArmRight</defName>
    <label>Right Arm</label>
    <uiPriority>3</uiPriority>
  </WalkerGear.SlotDef>

  <WalkerGear.SlotDef ParentName="BaseSlot">
    <defName>MountLeft</defName>
    <label>Left Mount</label>
    <uiPriority>4</uiPriority>
  </WalkerGear.SlotDef>

  <WalkerGear.SlotDef ParentName="BaseSlot">
    <defName>Attachment</defName>
    <label>Attachment</label>
    <uiPriority>5</uiPriority>
  </WalkerGear.SlotDef>

  <WalkerGear.SlotDef ParentName="BaseSlot">
    <defName>ArmLeft</defName>
    <label>Left Arm</label>
    <uiPriority>6</uiPriority>
  </WalkerGear.SlotDef>


  
</Defs>