﻿<?xml version="1.0" encoding="utf-8"?>
<Defs>
  <!-- AT-34核心 -->
  <ThingDef ParentName="DMS_ModuleItemCore">
    <defName>DMS_Module_AT34_Core</defName>
    <label>AT-34 drgaoon</label>
    <description>todo.</description>
    <descriptionHyperlinks>
      <ThingDef>DMS_Apparel_AT34_Core</ThingDef>
    </descriptionHyperlinks>
    <graphicData>
      <texPath>Things/Item/Module</texPath>
    </graphicData>
    <statBases>
      <MaxHitPoints>100</MaxHitPoints>
      <Mass>80</Mass>
    </statBases>
    <comps>
      <li Class="WalkerGear.CompProperties_WalkerComponent">
        <EquipedThingDef>DMS_Apparel_AT34_Core</EquipedThingDef>
        <slot>Core</slot>
      </li>
    </comps>
    <recipeMaker>
      <researchPrerequisite>DMS_MobileDragoon</researchPrerequisite>
      <skillRequirements>
        <Crafting>4</Crafting>
      </skillRequirements>
    </recipeMaker>
    <costList>
      <Tungsteel>175</Tungsteel>
      <Steel>250</Steel>
      <ComponentStamped>12</ComponentStamped>
      <ComponentIndustrial>10</ComponentIndustrial>
      <ComponentSpacer>1</ComponentSpacer>
    </costList>
  </ThingDef>
  <ThingDef ParentName="DMS_ModuleApparelCore">
    <defName>DMS_Apparel_AT34_Core</defName>
    <label>AT-34 frame</label>
    <description>Todo.</description>
    <graphicData>
      <texPath>Things/Dragoon/AT34/apparel_south</texPath>
    </graphicData>
    <statBases>
      <Mass>80</Mass>
			<CarryingCapacity>300</CarryingCapacity>
      <MoveSpeed>4.2</MoveSpeed>
      <ArmorRating_Sharp>0.40</ArmorRating_Sharp>
      <ArmorRating_Blunt>0.20</ArmorRating_Blunt>
      <ArmorRating_Heat>0.10</ArmorRating_Heat>
    </statBases>
    <equippedStatOffsets>
			<WorkSpeedGlobal>-0.25</WorkSpeedGlobal>
    </equippedStatOffsets>
    <apparel>
      <wornGraphicPath>Things/Dragoon/AT34/apparel</wornGraphicPath>
      <drawData>
        <scale>1.5</scale>
        <dataNorth>
          <layer>70</layer>
        </dataNorth>
      </drawData>
    </apparel>
    <comps>
      <li Class="WalkerGear.CompProperties_WalkerComponent">
        <ItemDef>DMS_Module_AT34_Core</ItemDef>
        <slot>Core</slot>
      </li>
    </comps>
    <modExtensions>
      <li Class="WalkerGear.BuildingWreckage">
        <building>MF_Building_Wreckage</building>
      </li>
      <li Class="WalkerGear.ApparelRenderOffsets">
        <headData>
          <dataWest>
            <offset>(-0.29,0,0.44)</offset>
          </dataWest>
          <dataEast>
            <offset>(0.29,0,0.44)</offset>
          </dataEast>
          <dataSouth>
            <offset>(0.00,0,0.40)</offset>
          </dataSouth>
          <dataNorth>
            <offset>(0.00,0,0.40)</offset>
          </dataNorth>
        </headData>
        <rootData>
          <defaultData>
            <offset>(0,0,0.35)</offset>
          </defaultData>
        </rootData>
      </li>
    </modExtensions>
  </ThingDef>
  <!-- AT-34頭盔 -->
  <ThingDef ParentName="DMS_ModuleItemBase">
    <defName>DMS_Module_AT34_Helmet</defName>
    <label>AT-34 helmet</label>
    <description>todo.</description>
    <descriptionHyperlinks>
      <ThingDef>DMS_Apparel_AT34_Helmet</ThingDef>
    </descriptionHyperlinks>
    <thingCategories Inherit="false">
      <li>DMS_Module_Helmet</li>
    </thingCategories>
    <graphicData>
      <texPath>Things/Item/Module</texPath>
    </graphicData>
    <statBases>
      <MaxHitPoints>100</MaxHitPoints>
      <Mass>20</Mass>
    </statBases>
    <comps>
      <li Class="WalkerGear.CompProperties_WalkerComponent">
        <EquipedThingDef>DMS_Apparel_AT34_Helmet</EquipedThingDef>
        <slot>Head</slot>
      </li>
    </comps>
    <recipeMaker>
      <researchPrerequisite>DMS_MobileDragoon</researchPrerequisite>
      <skillRequirements>
        <Crafting>4</Crafting>
      </skillRequirements>
    </recipeMaker>
    <costList>
      <Tungsteel>30</Tungsteel>
      <Steel>50</Steel>
      <ComponentIndustrial>2</ComponentIndustrial>
      <ComponentStamped>1</ComponentStamped>
    </costList>
  </ThingDef>
  <ThingDef ParentName="DMS_ModuleApparelHead">
    <defName>DMS_Apparel_AT34_Helmet</defName>
    <label>AT-34 helmet</label>
    <description>Todo.</description>
    <graphicData>
      <texPath>Things/Dragoon/AT34/helmet_south</texPath>
    </graphicData>
    <statBases>
      <Mass>20</Mass>
    </statBases>
    <equippedStatOffsets>
      <MoveSpeed>-0.12</MoveSpeed>
    </equippedStatOffsets>
    <apparel>
      <wornGraphicPath>Things/Dragoon/AT34/helmet</wornGraphicPath>
      <drawData>
        <defaultData>
          <layer>20</layer>
          <offset>(0,0,0)</offset>
        </defaultData>
      </drawData>
    </apparel>
    <comps>
      <li Class="WalkerGear.CompProperties_WalkerComponent">
        <ItemDef>DMS_Module_AT34_Helmet</ItemDef>
        <slot>Head</slot>
      </li>
    </comps>
  </ThingDef>
</Defs>